{
  "meta": {
    "title": "Peasy CMS",
    "author": "",
    "footer_copyright": "<p><a rel=\"license\" href=\"http://creativecommons.org/licenses/by-sa/4.0/\"><img alt=\"Creative Commons License\" style=\"border-width:0; float: right\" src=\"https://i.creativecommons.org/l/by-sa/4.0/88x31.png\" /></a>Copyright &copy;",
    "footer_license": "This work is licensed under a <a rel=\"license\" href=\"http://creativecommons.org/licenses/by-sa/4.0/\">Creative Commons Attribution-ShareAlike 4.0 International License</a>.</p>",
    "footer_attribution": "",
    "copyright_year": "2017",
    "contact_email": "",
    "is_setup": true,
    "url": "https://peasy.pushpullfork.com",
    "platform": "peasy",
    "version":"beta0.3"
  },
  "pages": {
    "Home": {
      "timestamp": "",
      "feature_image": "banner-zion.jpg",
      "feature_image_alt_text": "Zion",
      "image_credit_url": "",
      "image_credit_photographer": "",
      "author": "",
      "navbar": true,
      "title": "Home",
      "filename": "home.html"
    },
    "Page 1": {
      "timestamp": "",
      "feature_image": "",
      "image_credit_url": "",
      "image_credit_photographer": "",
      "author": "",
      "navbar": false,
      "title": "Page 1",
      "filename": "page01.html"
    },
    "Page 2": {
      "timestamp": "",
      "feature_image": "",
      "image_credit_url": "",
      "image_credit_photographer": "",
      "author": "",
      "navbar": false,
      "title": "Page 2",
      "filename": "page02.html"
    },
    "Page 3": {
      "timestamp": "",
      "feature_image": "",
      "image_credit_url": "",
      "image_credit_photographer": "",
      "author": "",
      "navbar": false,
      "title": "Page 3",
      "filename": "page03.html"
    }
  }
}
