{
  "meta": {
    "title":"",
    "author":"",
    "footer_copyright":"<p><a rel=\"license\" href=\"http://creativecommons.org/licenses/by-sa/4.0/\"><img alt=\"Creative Commons License\" style=\"border-width:0; float: right\" src=\"https://i.creativecommons.org/l/by-sa/4.0/88x31.png\" /></a>Copyright &copy;",
    "footer_license":"This work is licensed under a <a rel=\"license\" href=\"http://creativecommons.org/licenses/by-sa/4.0/\">Creative Commons Attribution-ShareAlike 4.0 International License</a>.</p>",
    "footer_attribution": "",
    "copyright_year":"2016",
    "contact_email":"",
    "is_setup":false,
    "index_feature_image":"",
    "index_feature_image_credit":"",
    "url":"",
    "platform":"peasy",
    "version":"beta0.1"
  },
  "pages": {
    "Home": {
      "timestamp":"",
      "feature_image":"",
      "image_credit_url":"",
      "image_credit_photographer":"",
      "author":"",
      "title":"",
      "content":"",
      "navbar":true
    }
  },
  "posts": {

  }
}
